記録ID,物件名,物件ID,部屋ID,部屋名,検針日時,警告フラグ,標準偏差値,今回使用量,今回の指示数,前回指示数,前々回指示数,前々々回指示数,検針不要
780afee1-4aaf-445b-84c5-008926c813f6,パルハイツ平田,P000001,R000001,101,2025/05/31,正常,19,22,1208,1186,1170,1150,
eb50ff2e-9a15-4282-9e59-521da2d4e382,パルハイツ平田,P000001,R000002,101,2025/05/27,正常,17,22,1195,1173,1161,1140,
9bccd366-bf15-48cb-b00f-0227238d64bc,パルハイツ平田,P000001,R000003,201,2023/09/28 14:15,警告あり,20,20,2550,2530,2510,2490,
a017ee7a-ddec-4d3d-9133-e426bc305c69,パルハイツ平田,P000001,R000004,202,,,,,,,,
a778a355-7d8a-4990-8a47-6bd56c6dbe60,パルハイツ平田,P000001,R000005,301,,,,,,,,
86353922-89f6-4e50-bd3f-c60508d7c6d5,パルハイツ平田,P000001,R000006,302,,,,,,,,
57d1a405-2604-4696-964c-18dd6a4cd0a1,パルハイツ平田,P000001,R000007,303,,,,,,,,
ff8b6dcb-98cb-4408-a023-57d5bb45ad72,パルハイツ平田,P000001,R000008,305,,,,,,,,
ddca5c18-1e8b-4784-9598-e67de85a15e9,パルハイツ平田,P000001,R000009,306,,,,,,,,
e27ebaaa-0245-49ba-824a-12f8094c1a9f,パルハイツ平田,P000001,R000010,307,,,,,,,,
2a06db49-3344-4ac7-bc6e-d3b3ac84ebff,パルハイツ平田,P000001,R000011,308,,,,,,,,
ced06335-5dc5-4dc2-929d-988a24c44ec0,パルハイツ平田,P000001,R000012,309,,,,,,,,
9b7bf4ad-d2d2-479c-8d99-796420e0c272,パルハイツ平田,P000002,R000013,401,,,,,,,,
190fa4f7-d7b7-4388-9028-31182715fa33,パルハイツ平田,P000002,R000014,402,,,,,,,,
387f3a08-eb23-4551-874f-eebe89c8acc9,パルハイツ平田,P000002,R000015,403,,,,,,,,
72ac83bd-aed7-42ff-be8e-1bf6511bdaec,パルハイツ平田,P000002,R000016,405,,,,,,,,
c42eaf3f-2544-474e-a806-3757574e4e6d,パルハイツ平田,P000002,R000017,406,,,,,,,,
d7c7ab81-e071-4b1c-893d-c71a3ea91e13,パルハイツ平田,P000002,R000018,407,,,,,,,,
f88c2365-1cbf-4a40-a186-24afdd279dab,パルハイツ平田,P000002,R000019,408,,,,,,,,
242b269d-6eb9-4121-b88c-e250d2605ec4,パルハイツ平田,P000002,R000020,409,,,,,,,,
f4c8adf2-2062-4f8f-9c7f-13856c8a6879,パルハイツ平田,P000002,R000021,501,,,,,,,,
55833228-29fa-4019-8474-546ea15656cc,パルハイツ平田,P000002,R000022,502,,,,,,,,
e06eaa24-835e-4fad-bc36-6498bdcc21bd,パルハイツ平田,P000002,R000023,503,,,,,,,,
d5e2e322-7af0-424a-9621-7e1397b4418a,パルハイツ平田,P000002,R000024,505,,,,,,,,
3d08af4c-5108-41ce-9325-5ed026011623,パルハイツ平田,P000002,R000025,506,,,,,,,,
2dde5588-d7f5-4cc7-9e55-091b5a5d5374,コ－ポひろた,P000006,R000026,201,,,,,,,,
6dcb80c1-fcb2-4fa7-868c-adbce9009e4a,コ－ポひろた,P000006,R000027,202,,,,,,,,
107c7940-d2b3-4f24-979f-c61a988967b0,コ－ポひろた,P000006,R000028,203,,,,,,,,
0e27d5d8-70ea-4f7c-b746-7de0b3460c3f,コ－ポひろた,P000006,R000029,301,,,,,,,,
ece50f72-67f5-4c1d-b389-3b3b3460b979,コ－ポひろた,P000006,R000030,302,,,,,,,,
6cbd98ef-4268-4501-a539-33dac117d4b0,コ－ポひろた,P000006,R000031,303,,,,,,,,
69796f69-0779-4484-a8c2-a5af47199446,コ－ポひろた,P000006,R000032,401,,,,,,,,
ef7b98a5-b13d-4e07-a850-a61484a03a2b,コ－ポひろた,P000006,R000033,402,,,,,,,,
368ed141-f27b-4df9-b392-e7421d8ea583,コ－ポひろた,P000006,R000034,403,,,,,,,,
faad8a00-e4fa-4528-b3d2-7fef203cc3c3,コ－ポひろた,P000006,R000035,P-5,,,,,,,,
6eb686c4-f4e1-478e-a37b-d448758066d7,コーポ吉嶺,P000007,R000036,201,,,,,,,,
17cd9f89-1e8d-4ed2-a9f0-3ee07c011c86,コーポ吉嶺,P000007,R000037,202,,,,,,,,
cc2f1330-c1d4-48b4-8521-dfda66ec8080,コーポ吉嶺,P000007,R000038,203,,,,,,,,
01e6b05b-5599-4a39-8b08-8a25ef2764d6,コーポ吉嶺,P000007,R000039,205,,,,,,,,
824b5647-e296-4f6b-8139-3bb18519ddb1,コーポ吉嶺,P000007,R000040,206,,,,,,,,
411f7b19-54ad-4d8c-ab53-4918ab131deb,コーポ吉嶺,P000007,R000041,301,,,,,,,,
34a60fbf-38c4-4ad6-9f09-49e676b00f17,コーポ吉嶺,P000007,R000042,302,,,,,,,,
de44a1d3-ab07-4d13-a2a7-c7c6eea8255c,コーポ吉嶺,P000007,R000043,303,,,,,,,,
05e07214-0700-4f67-8205-b74d80eed0db,コーポ吉嶺,P000007,R000044,305,,,,,,,,
f79be587-6376-42cb-bb84-334cd7e13aff,コーポ吉嶺,P000007,R000045,306,,,,,,,,
c715065c-0e51-483f-b9db-3d3b64883248,コーポ吉嶺,P000007,R000046,307,,,,,,,,
4726acd7-b200-4b40-8a4b-9cb75680df96,コーポ吉嶺,P000007,R000047,308,,,,,,,,
9096d29b-2bdc-4181-9d65-2cbb3295d6c0,コーポ吉嶺,P000007,R000048,P-7,,,,,,,,
0cfafe74-c479-479c-9fb5-d0df037d4f32,ユートピア与儀,P000014,R000049,101,,,,,,,,
83bcebc5-1a7b-45a2-928e-4dbcbeb5fc53,ユートピア与儀,P000014,R000050,201,,,,,,,,
02bafa3d-189f-4790-bc8b-cc12e4b3ab87,ユートピア与儀,P000014,R000051,201,,,,,,,,
1eb28358-95dd-4111-8898-4e1592eb89b7,ユートピア与儀,P000014,R000052,202,,,,,,,,
f0fe955a-21c6-47bb-b715-1d60f98e7650,ユートピア与儀,P000014,R000053,301,,,,,,,,
c79f8433-5c42-4671-a705-7dc0486fb9fb,ユートピア与儀,P000014,R000054,301,,,,,,,,
92e64550-de82-4c8a-8180-35108af5a3a7,ユートピア与儀,P000014,R000055,302,,,,,,,,
302568ec-90d9-46c3-a672-c995d2ce5b00,ユートピア与儀,P000014,R000056,401,,,,,,,,
98aac550-2981-4623-b614-cbc6db95e659,ユートピア与儀,P000014,R000057,402,,,,,,,,
ffd0f471-f39e-4d3c-9e3a-f669d5dd4d35,ユートピア与儀,P000014,R000058,402,,,,,,,,
a3f5b675-8031-4c87-88df-d76a00d769fb,岸本アパート,P000019,R000059,101,,,,,,,,
83716d4d-eee2-473a-b75e-738ddc5e0775,岸本アパート,P000019,R000060,201,,,,,,,,
8d659569-d2c0-4ba2-a605-c15002eaf0f7,岸本アパート,P000019,R000061,202,,,,,,,,
2d6deb2b-55d0-4ee1-920f-853c9091d0ca,岸本アパート,P000019,R000062,301,,,,,,,,
23056a7f-4227-46c6-bb23-20c01332cc60,岸本アパート,P000019,R000063,302,,,,,,,,
dceaba58-ffa2-4e9a-9f65-7b1c168ab472,岸本アパート,P000019,R000064,302,,,,,,,,
dc121e37-5565-4fb8-8f88-6803b8080995,司アパート,P000020,R000065,201,,,,,,,,
5233009b-85ce-4e7b-aa8a-cd0fe0bedb4c,司アパート,P000020,R000066,202,,,,,,,,
8be8d1df-3630-48d9-998a-dc195fa0654b,司アパート,P000020,R000067,203,,,,,,,,
d9f5dfca-7552-410f-b13e-d96f6aa3c6a1,司アパート,P000020,R000068,502,,,,,,,,
22d1369b-e79f-4001-a909-88607746eb42,司アパート,P000020,R000069,503,,,,,,,,
45ef3e09-02e6-4b86-a5ea-d4407c34efea,司アパート,P000020,R000070,505,,,,,,,,
c78e8fce-bd5f-4a72-a4bb-98fec6663dbd,山口アパート,P000021,R000071,301,,,,,,,,
2bd22006-e515-463e-aaa6-7ea2bd15c41b,山口アパート,P000021,R000072,302,,,,,,,,
7abe8120-62b2-40a5-8c04-18353a248a83,山口アパート,P000021,R000073,401,,,,,,,,
8e6d4d2d-edde-41fc-be30-9cd3077af64c,コーポ新垣,P000033,R000074,301,,,,,,,,
63e4b307-d59a-43b1-9d9c-41b38b452bb5,コーポ新垣,P000033,R000075,302,,,,,,,,
dc66d1e5-5338-4fbf-8dd7-4aeb04a03e7b,コーポ新垣,P000033,R000076,401,,,,,,,,
94710602-c6ea-460a-8695-930ad2b2227d,アーバン繁多川,P000038,R000077,101,,,,,,,,
ffa2ea8f-b776-4ae4-a277-47db783af5b3,アーバン繁多川,P000038,R000078,102,,,,,,,,
eec093b2-5ce8-4e96-917a-02faf1bbeb10,アーバン繁多川,P000038,R000079,201,,,,,,,,
8c60f3db-f8f0-4c84-8396-00e4d934a58e,アーバン繁多川,P000038,R000080,202,,,,,,,,
6524445a-a388-4a3a-84a3-f3d8f714710e,アーバン繁多川,P000038,R000081,203,,,,,,,,
d4e76d67-86d4-42fc-babe-dcd978894c0e,アーバン繁多川,P000038,R000082,205,,,,,,,,
3108cc0e-df6e-4cc3-a0c5-689378e44a95,アーバン繁多川,P000038,R000083,301,,,,,,,,
9d1c0f96-4539-41cd-93fb-5c4055946731,アーバン繁多川,P000038,R000084,302,,,,,,,,
b22a2e04-f13b-43de-9e2a-63350ddc85eb,アーバン繁多川,P000038,R000085,303,,,,,,,,
98f65f27-0b41-4886-a0ae-bb2552454f75,アーバン繁多川,P000038,R000086,305,,,,,,,,
4c5c9ffc-ac73-4e43-ab4e-a7be2ccd77e4,アーバン繁多川,P000038,R000087,401,,,,,,,,
f331b3f2-4a0b-474b-8995-c7787bb26dd0,アーバン繁多川,P000038,R000088,402,,,,,,,,
22a996c9-1f88-4c72-a43d-16cff99a504e,アーバン繁多川,P000038,R000089,403,,,,,,,,
d6d97c00-a446-435c-b73f-2d3b66d27a30,アーバン繁多川,P000038,R000090,405,,,,,,,,
5e0a0455-afcb-478a-87e0-556ab260b632,アーバン繁多川,P000038,R000091,P-2,,,,,,,,
3fa8f219-11db-4470-b0b3-5760124ebd6f,サンハウス,P000053,R000092,201,,,,,,,,
6258fb83-2006-4a9a-a1f7-10c947a83191,サンハウス,P000053,R000093,202,,,,,,,,
e85f1e7d-aba4-4962-88d2-10db721bc906,サンハウス,P000053,R000094,203,,,,,,,,
e6a84219-a321-49e6-aa4d-700905367eda,サンハウス,P000053,R000095,205,,,,,,,,
c852b152-c2dc-4a3a-89ce-4699db6501a9,サンハウス,P000053,R000096,206,,,,,,,,
d9f0eeca-135f-47d3-ab2e-b270bcccfa58,サンハウス,P000053,R000097,301,,,,,,,,
95dd3ce4-0e8e-458f-a194-673ae516c9c6,サンハウス,P000053,R000098,302,,,,,,,,
603ecf0f-cc9e-45f9-9f0a-00902ad41883,サンハウス,P000053,R000099,303,,,,,,,,
ff69f328-bb82-4f68-9f45-267c55685e01,サンハウス,P000053,R000100,305,,,,,,,,
61aa6cb2-c0c8-4632-b354-0ab3010c4f97,サンハウス,P000053,R000101,306,,,,,,,,
3ac41cb0-2127-4a71-a951-aebeb056b096,サンハウス,P000053,R000102,401,,,,,,,,
8fb266fe-23ec-46c5-94c2-1ab0a180166e,サンハウス,P000053,R000103,402,,,,,,,,
b93e40b3-1631-44cd-8da3-f1f997fcec81,サンハウス,P000053,R000104,403,,,,,,,,
040e0d16-575e-4e02-8e33-c63c0c1b205d,サンハウス,P000053,R000105,405,,,,,,,,
ee1cc194-d8e7-4bfa-99f7-1cf3f39df51c,サンハウス,P000053,R000106,406,,,,,,,,
670f6005-869f-4b99-9163-a1d65a2a4948,サンハウス,P000053,R000107,501,,,,,,,,
6e2647cd-eb63-44b2-85e9-ced1cf96959f,サンハウス,P000053,R000108,501,,,,,,,,
276dfa07-9754-4913-a92b-1c968b3af3df,サンハウス,P000053,R000109,502,,,,,,,,
7e628730-80d9-4660-9e88-5b3a17aa087f,サンハウス,P000053,R000110,503,,,,,,,,
e5450ff2-0a7a-492f-9f8e-f99d811363d8,サンハウス,P000053,R000111,505,,,,,,,,
b46b7294-ae72-4e3f-bf63-cc6f1fb1763c,サンハウス,P000053,R000112,506,,,,,,,,
f359ec80-5526-4ab2-b82b-0a0cbe2f4632,サンハウス,P000053,R000113,507,,,,,,,,
56005fb7-5794-44a6-8d75-e7f8ac0fff65,サンハウス,P000053,R000114,508,,,,,,,,
fa33a8e7-c4e9-45f8-bd39-48c53982d91f,サンハウス,P000053,R000115,509,,,,,,,,
7141ed16-a0f0-4d02-9dcb-804e67c50a1b,サンハウス,P000053,R000116,510,,,,,,,,
0ec08f72-b27a-47b8-b446-7672e83c03c5,サンハウス,P000053,R000117,511,,,,,,,,
523017e0-022a-41a7-9b51-9be6c90e4895,赤田住宅,P000054,R000118,101,,,,,,,,
5f542347-002e-4f51-a220-d9f1a46fed2a,赤田住宅,P000054,R000119,201,,,,,,,,
b11f032b-4ae7-4449-bd3b-bd338d7ad753,ユートピア鳥堀,P000057,R000120,101,,,,,,,,
53f20ac2-7e4f-4aac-a376-82d5a6219eb5,ユートピア鳥堀,P000057,R000121,102,,,,,,,,
97208d34-5a2f-47a1-a211-2eb6426b2727,ユートピア鳥堀,P000057,R000122,201,,,,,,,,
19155d01-86dd-4f3b-84be-c7f140f15d2e,ユートピア鳥堀,P000057,R000123,202,,,,,,,,
56569d66-c66f-4615-b72f-912ac18e9e9d,ユートピア古島,P000065,R000124,101,,,,,,,,
73ff60ea-51cc-47cc-b2b1-4ae13002c651,ユートピア古島,P000065,R000125,201,,,,,,,,
aeeb91c5-71fc-42fe-9b46-7311bdd9886e,ユートピア古島,P000065,R000126,202,,,,,,,,
e77c518a-155d-4ad6-b1ee-d38d2eee719a,ユートピア古島,P000065,R000127,203,,,,,,,,
b51d1cd2-3f2c-42f8-b76a-48bc25d4cb63,ユートピア古島,P000065,R000128,301,,,,,,,,
0272e2fa-fc70-43ca-9b1e-0255a8cd1a27,ユートピア古島,P000065,R000129,302,,,,,,,,
7f92c3e4-b6e7-4ba1-99df-06f596c70315,ユートピア古島,P000065,R000130,303,,,,,,,,
5f82e341-0a3d-4dd6-8a2c-73b49e6cdadd,ユートピア古島,P000065,R000131,401,,,,,,,,
d96dfa6e-3b5e-461a-9da6-af14538697d8,ユートピア古島,P000065,R000132,402,,,,,,,,
b6c5cb3c-c14c-44f3-bce1-bfca474a4df8,ユートピア古島,P000065,R000133,403,,,,,,,,
0eb1ed1f-5766-40ac-852b-90e835c70903,ユートピア内間,P000066,R000134,201,,,,,,,,
0626fea4-526b-47f8-a79e-4569d65d894b,ユートピア内間,P000066,R000135,202,,,,,,,,
d8b25ab3-3c70-47d0-8214-c34a27e11d4c,ユートピア内間,P000066,R000136,203,,,,,,,,
042ee9b7-9e37-4363-85c9-c2366627d9cf,ユートピア内間,P000066,R000137,301,,,,,,,,
fb597eaf-7f10-4d95-99b5-1c8504d80f9a,ユートピア内間,P000066,R000138,302,,,,,,,,
c046c19a-39d8-4d23-a7ce-d428e30233a6,ユートピア内間,P000066,R000139,303,,,,,,,,
319b3742-f9d2-4329-9d87-68f65f4b7939,ユートピア内間,P000066,R000140,401,,,,,,,,
ce15be0c-af30-43c2-9cf0-9c108855f343,ユートピア内間,P000066,R000141,402,,,,,,,,
f318a1af-9e83-40cb-ba79-802a2f6242af,ユートピア内間,P000066,R000142,403,,,,,,,,
b89e367e-f0b3-495b-8107-cab838422820,ユートピア内間,P000066,R000143,501,,,,,,,,
88f8528f-c1cd-442e-9009-8fc800fd0d2e,ユートピア内間,P000066,R000144,502,,,,,,,,
f88add47-f8df-49b5-b3d4-dcd6859a4617,ユートピア内間,P000066,R000145,503,,,,,,,,
9f3c2562-888b-41ce-aee1-8e2e9ca5891f,ユートピア繁多川,P000068,R000146,A-1,,,,,,,,
597741f0-3c39-4b6b-a9ee-9ab04e82caad,ユートピア繁多川,P000068,R000147,B-1,,,,,,,,
769d3979-10aa-49ec-a946-24e40cc230a1,ユートピア繁多川,P000068,R000148,B-2,,,,,,,,
2fda38a2-148f-40d0-834d-c903d41ba986,ユートピア繁多川,P000068,R000149,B-3,,,,,,,,
fa6fb729-f370-463a-aa91-af526a3e9d9c,ユートピア繁多川,P000068,R000150,B-5,,,,,,,,
ab6f545b-9ba3-4df0-a46a-796248e312f0,ユートピア繁多川,P000068,R000151,C-1,,,,,,,,
60b9c7f9-d324-43bd-8cdd-0bbc77112bed,ユートピア繁多川,P000068,R000152,C-2,,,,,,,,
c07bbf4d-7326-405d-b426-c0cffa408a61,ユートピア繁多川,P000068,R000153,C-2,,,,,,,,
6a91f602-8e0b-4001-84c8-1ef6500cdc9b,ユートピア繁多川,P000068,R000154,C-3,,,,,,,,
7f2b0102-a35d-4cd4-90bd-7b444d307fb7,ユートピア繁多川,P000068,R000155,C-5,,,,,,,,
eb72f02c-b9bc-46f1-a044-919565a80c63,ユートピア繁多川,P000068,R000156,C-6,,,,,,,,
ca1c60ef-c7c7-43f3-868a-6dcfb5fca138,ユートピア繁多川,P000068,R000157,R-1,,,,,,,,
98b2d448-d70d-49bf-9892-ee0e940f4553,ユートピア繁多川,P000068,R000158,R-2,,,,,,,,
b2c79ce9-f612-4443-8c07-538aebb862cf,ユートピア繁多川,P000068,R000159,R-3,,,,,,,,
0efe53ab-0a08-4f6d-8eea-28a7d352037c,ユートピア繁多川,P000068,R000160,R-5,,,,,,,,
dc0414ff-5cc8-480f-817f-e6a583466042,ユートピア繁多川,P000068,R000161,R-6,,,,,,,,
c93c5ed8-ab06-4c16-9334-2928fe9e87b7,ユートピア新都心,P000069,R000162,101,,,,,,,,
b384ba6f-38f3-481c-8f07-eb66a39a261f,ユートピア新都心,P000069,R000163,200,,,,,,,,
7602ca56-0897-469a-8d29-c9f5ff02d934,ユートピア新都心,P000069,R000164,201,,,,,,,,
41478824-b895-4624-8aed-e37c1b75daec,ユートピア新都心,P000069,R000165,202,,,,,,,,
d59a6a2f-0652-468f-a655-b72088173c0a,ユートピア新都心,P000069,R000166,203,,,,,,,,
78df0e83-5a60-4207-aecb-9366a11d8a4f,ユートピア新都心,P000069,R000167,204,,,,,,,,
8ebf835c-8718-4c8d-81b1-6614397a3af2,ユートピア新都心,P000069,R000168,205,,,,,,,,
297535c1-5dc6-49ae-ba02-76fe6e78fbd2,ユートピア新都心,P000069,R000169,206,,,,,,,,
7bac4571-49af-4dad-b27a-c34e99c20833,ユートピア新都心,P000069,R000170,207,,,,,,,,
97ab65ca-a0ea-45ff-9915-9ee7813550a2,コーポゼロ,P000076,R000171,A-1,,,,,,,,
1be18644-035f-46c6-83ef-f1e0ce7bc8ab,コーポゼロ,P000076,R000172,A-2,,,,,,,,
78ec702f-758c-4cfc-9f94-d4997d4d9101,コーポゼロ,P000076,R000173,B-1,,,,,,,,
0aa69f69-81c0-415a-8845-c961bf0c6e81,コーポゼロ,P000076,R000174,B-2,,,,,,,,
ce5f053b-c79b-4951-a28b-88770b104584,コーポゼロ,P000076,R000175,C-1,,,,,,,,
9b40b1d4-e50f-49d0-a832-c52d6ff3d57f,コーポゼロ,P000076,R000176,C-2,,,,,,,,
cbf57d4c-854c-445e-8e45-f532972066d7,コーポ西里,P000091,R000177,201,,,,,,,,
ebd638f1-1573-43c5-bb0e-4a6e9bc674ca,コーポ西里,P000091,R000178,202,,,,,,,,
039549af-c85c-4e63-900a-d4893de48280,コーポ西里,P000091,R000179,203,,,,,,,,
edbd6067-56bc-4fa2-84ba-352350a5c214,コーポ西里,P000091,R000180,P-2,,,,,,,,
a8701ae6-c988-4b95-86c4-405f0852c52d,ラ・ポール泊,P000096,R000181,201,,,,,,,,
0c2cb0a9-8e2b-40d0-b0b7-51e44f13454e,ラ・ポール泊,P000096,R000182,301,,,,,,,,
a8dcdfcb-5f26-40bb-b4fd-d61418f43aec,ラ・ポール泊,P000096,R000183,401,,,,,,,,
c0f679b4-82ff-4ece-8f56-12058ee2361b,ラ・ポール泊,P000096,R000184,402,,,,,,,,
8a21443e-cf78-427a-9713-222718adecfd,ラ・ポール泊,P000096,R000185,P-2,,,,,,,,
1cb69b80-9aa6-4d08-94d1-7fb2fc1ae6cd,ラ・ポール泊,P000096,R000186,P-2,,,,,,,,
1a94ddb6-21e7-458d-b55a-ac96e9bc1957,平産業ビル,P000099,R000187,101,,,,,,,,
95dc4476-66f0-43aa-8907-4b77e1bdb11e,平産業ビル,P000099,R000188,102,,,,,,,,
2875245b-de28-4399-9830-a7f2f7fd307f,平産業ビル,P000099,R000189,103,,,,,,,,
ae4fc3fe-dc4f-4fad-aac0-146860304d8a,平産業ビル,P000099,R000190,201,,,,,,,,
cd6cbd54-4551-46a6-a87b-3aeed90d5d9f,平産業ビル,P000099,R000191,202,,,,,,,,
ac109377-e8fa-453d-b76c-f740099add3b,平産業ビル,P000099,R000192,203,,,,,,,,
22518340-55c3-4142-8d20-0eb41de9fded,平産業ビル,P000099,R000193,302,,,,,,,,
ce996194-19aa-4975-ae72-9dad1f27a135,平産業ビル,P000099,R000194,303,,,,,,,,
396051e4-1b8e-4dd9-ae19-84a7289cf5c9,山里ビル,P000101,R000195,1階,,,,,,,,
a4d621eb-7d87-4ebb-8fa7-1172be48d87e,山里ビル,P000101,R000196,2階,,,,,,,,
c1d17cfe-ea4e-4693-a2cf-2c0363a590a0,山里ビル,P000101,R000197,3階,,,,,,,,
cc2d8ed0-47e1-4ab2-89a5-90cf131726b0,山里ビル,P000101,R000198,4階,,,,,,,,
aeff3314-f12d-4086-b812-3def225625f7,友寄アパート,P000104,R000199,301,,,,,,,,
4d82d871-5212-4a3d-bce9-55730e691ff0,友寄アパート,P000104,R000200,302,,,,,,,,
4540fa21-137b-469b-921a-de8e9d387655,友寄アパート,P000104,R000201,303,,,,,,,,
109c2a44-02f4-4357-8ff9-65287276f469,具志堅アパート,P000110,R000202,101,,,,,,,,
c13f9030-680a-4886-a3b9-d35cb8f6c658,具志堅アパート,P000110,R000203,102,,,,,,,,
9bcde198-e446-467d-b45b-740441f300a9,具志堅アパート,P000110,R000204,201,,,,,,,,
a3e273b2-74a1-4983-85fb-a1d9c1a36885,パティオB’S宮城Ⅰ,P000112,R000205,101,,,,,,,,
7e8b61df-efa7-4b2c-81b6-ada4d27e237d,パティオB’S宮城Ⅰ,P000112,R000206,201,,,,,,,,
2d927da2-313e-4d57-9ccf-353326d5884f,パティオB’S宮城Ⅰ,P000112,R000207,202,,,,,,,,
b200c53c-7092-4f1b-ad7a-a5a867e9d48c,パティオB’S宮城Ⅰ,P000112,R000208,301,,,,,,,,
db8a3b8a-2ea9-4004-87e5-e691c00e040f,パティオB’S宮城Ⅰ,P000112,R000209,302,,,,,,,,
52ae8bdd-729d-4b44-a9d5-aee6d1c89c49,パティオB’S宮城Ⅰ,P000112,R000210,401,,,,,,,,
4f5d7655-55e2-4ff2-9df1-f22f2822e0cf,パティオB’S宮城Ⅰ,P000112,R000211,402,,,,,,,,
3916614d-6a61-44a1-aa67-dfc7adb9a338,パティオB’S宮城Ⅱ,P000113,R000212,101,,,,,,,,
6db82245-a2d0-4765-9d37-4a9508564f44,パティオB’S宮城Ⅱ,P000113,R000213,201,,,,,,,,
930ec50a-ffe8-4b0f-8210-444c936eecc9,パティオB’S宮城Ⅱ,P000113,R000214,202,,,,,,,,
de42b418-cf67-468e-8fa9-d1f9b186ec5c,パティオB’S宮城Ⅱ,P000113,R000215,301,,,,,,,,
8b9eed39-7be2-4301-948f-1458c8759f56,パティオB’S宮城Ⅱ,P000113,R000216,302,,,,,,,,
b51841ca-9d94-4f2f-ada8-50546217de58,パティオB’S宮城Ⅱ,P000113,R000217,401,,,,,,,,
0f7f2173-67e9-4368-8556-2458ee48db65,パティオB’S宮城Ⅱ,P000113,R000218,402,,,,,,,,
9367ea16-d4e1-41ba-ae8a-92768fef37d0,マ・メゾン前島,P000124,R000219,1F,,,,,,,,
eaa63a83-522e-4ac2-a774-d1d87096dd35,マ・メゾン前島,P000124,R000220,2F,,,,,,,,
7a8a8f75-720d-4956-9b79-ba0fd24b7989,マ・メゾン前島,P000124,R000221,3F,,,,,,,,
27c3df8f-3a7e-41e5-b499-a9fe007c359b,マ・メゾン前島,P000124,R000222,4F,,,,,,,,
af8a017c-10c3-4d71-b212-ae6331485d72,マ・メゾン前島,P000124,R000223,P-2,,,,,,,,
ff783d8a-b326-4360-9407-f338139b080f,沖縄映像センタービル,P000129,R000224,201,,,,,,,,
1ab35a7a-7a5c-442e-aba2-4639ec008fe0,沖縄映像センタービル,P000129,R000225,301,,,,,,,,
a3ead7bd-c562-45eb-bf67-b39108b63e41,沖縄映像センタービル,P000129,R000226,401,,,,,,,,
9897c09b-25d9-48e6-bb46-19ae7fddf3af,宇良ビル,P000131,R000227,1F,,,,,,,,
9791c206-89e1-41d9-b320-e33adcb86c2b,宇良ビル,P000131,R000228,2F,,,,,,,,
e8e9c4b4-29ff-4dc2-81a8-1e97622492be,立津アパート,P000139,R000229,301,,,,,,,,
d050bab0-e647-4592-b757-fb00750c0b5b,立津アパート,P000139,R000230,302,,,,,,,,
a73f88ae-63ee-41a6-a1bd-6612520f56dc,屋良アパート,P000140,R000231,1F,,,,,,,,
62558262-dfe3-4574-9632-75755fff452b,メゾンソレイユ,P000148,R000232,201,,,,,,,,
d2a3f8c4-1c60-4b76-9993-46154500460e,メゾンソレイユ,P000148,R000233,201,,,,,,,,
e614bce0-8089-4b7d-87e8-cb6e736eeae1,メゾンソレイユ,P000148,R000234,202,,,,,,,,
7873d7fc-d901-43bf-bbd4-f4844cffd328,メゾンソレイユ,P000148,R000235,203,,,,,,,,
6653edd3-3fd5-4981-903c-e1a73f490ac7,メゾンソレイユ,P000148,R000236,203,,,,,,,,
23854f88-3431-412a-a530-9ff43d3f4f14,メゾンソレイユ,P000148,R000237,204,,,,,,,,
5702bb7d-6ebb-48f3-9fcc-02f4f97dfe12,メゾンソレイユ,P000148,R000238,205,,,,,,,,
cbd0a4be-dbc9-49c9-ac6e-ca2af907ae38,メゾンソレイユ,P000148,R000239,206,,,,,,,,
477bf74a-b667-4dd7-af6d-a17d49bde386,メゾンソレイユ,P000148,R000240,208,,,,,,,,
1056bb6f-2b2d-44cb-a4e2-3a737d8c9b05,メゾンソレイユ,P000148,R000241,209,,,,,,,,
3d8ad41e-af4f-4b3b-91ab-9db8d8c7879b,メゾンソレイユ,P000148,R000242,301,,,,,,,,
8b55b3cb-4bb2-499d-b049-ae449224e826,メゾンソレイユ,P000148,R000243,302,,,,,,,,
73375c11-a5e5-4e07-9655-57b36329f9d6,メゾンソレイユ,P000148,R000244,303,,,,,,,,
1c64608b-4da0-4228-8560-08cd42751f55,メゾンソレイユ,P000148,R000245,304,,,,,,,,
32b731a2-407b-4793-ab19-cf77b1b7289a,メゾンソレイユ,P000148,R000246,304,,,,,,,,
8199b863-2789-48c6-b2cc-9f96640c89f2,メゾンソレイユ,P000148,R000247,305,,,,,,,,
1ddb0926-69a3-44df-8342-59f5724458c9,メゾンソレイユ,P000148,R000248,305,,,,,,,,
102466cc-6956-45c7-891e-e479ad56bb4a,メゾンソレイユ,P000148,R000249,306,,,,,,,,
506effda-0ce3-4c89-af0e-664b08e1e0be,メゾンソレイユ,P000148,R000250,307,,,,,,,,
109241c8-f88c-4148-944c-f890d7ad3f76,メゾンソレイユ,P000148,R000251,308,,,,,,,,
6677c445-8a57-4488-8937-ad134d5f8862,メゾンソレイユ,P000148,R000252,308,,,,,,,,
ae5f104d-1472-45ba-a127-d709eae8cc51,メゾンソレイユ,P000148,R000253,309,,,,,,,,
9fef3357-d11e-484a-ab73-0f2c216565ae,メゾンソレイユ,P000148,R000254,401,,,,,,,,
cc865324-d2eb-447c-8d03-4b64386133fc,メゾンソレイユ,P000148,R000255,402,,,,,,,,
e4f3371d-100d-45dd-b5f1-cd27e133db26,メゾンソレイユ,P000148,R000256,403,,,,,,,,
e87a7afa-a7fb-4ab7-8c20-3bd7c4b49a54,メゾンソレイユ,P000148,R000257,404,,,,,,,,
80c0737e-2bc6-419e-a361-3bcd8a47e8e4,メゾンソレイユ,P000148,R000258,405,,,,,,,,
c36beb58-a3a4-4548-85cb-a1a4aafebbce,メゾンソレイユ,P000148,R000259,405,,,,,,,,
d3f29f3a-85c3-4474-a077-0337c15461e6,メゾンソレイユ,P000148,R000260,406,,,,,,,,
7d224f28-9af6-4d01-86d2-52ba8c8e20ff,メゾンソレイユ,P000148,R000261,407,,,,,,,,
f8973b63-e11d-4c2b-9e64-b273e680fbbd,メゾンソレイユ,P000148,R000262,407,,,,,,,,
03e40f80-1248-4822-abe6-e00bcd9a0b89,メゾンソレイユ,P000148,R000263,408,,,,,,,,
b871e63e-8344-43b9-9900-255df5857daa,メゾンソレイユ,P000148,R000264,409,,,,,,,,
5c34e246-e0c1-4c13-987b-7f28d88de1b9,メゾンソレイユ,P000148,R000265,501,,,,,,,,
9037e355-ae4b-4ec6-84cc-61e8ffbd2fea,メゾンソレイユ,P000148,R000266,502,,,,,,,,
02f0f027-dd85-497b-86e4-801c94cfedef,メゾンソレイユ,P000148,R000267,503,,,,,,,,
f93d946b-2f97-4db7-971c-eec99c64ecc8,メゾンソレイユ,P000148,R000268,504,,,,,,,,
7534d651-61c7-4524-8d06-9de9790c49de,メゾンソレイユ,P000148,R000269,505,,,,,,,,
8bb4c4e6-ee4d-4123-98b4-9af29a7a994e,メゾンソレイユ,P000148,R000270,506,,,,,,,,
c2812b90-d677-4d46-b499-4e42dda09143,メゾンソレイユ,P000148,R000271,507,,,,,,,,
12fc8828-7f65-4ec2-a1de-04e6ad8a288c,メゾンソレイユ,P000148,R000272,508,,,,,,,,
2ab6f812-1200-4da9-9c3a-775c504f0a0c,メゾンソレイユ,P000148,R000273,509,,,,,,,,
76bdc315-517d-4608-b24f-2f8aca112e26,メゾンソレイユ,P000148,R000274,509,,,,,,,,
284be45e-be8c-4999-89ad-911157b18a19,トラスト牧志,P000150,R000275,101,,,,,,,,
a38ccd87-d053-4b31-b35c-aa48c1c62964,トラスト牧志,P000150,R000276,201,,,,,,,,
7404a04c-7412-455d-b57e-4eddebe8b78b,トラスト牧志,P000150,R000277,301,,,,,,,,
bf026e09-3c88-4659-9502-a44260acc5a5,トラスト牧志,P000150,R000278,401,,,,,,,,
5278fc26-0fa7-43b6-b73c-2d78b6926685,トラスト牧志,P000150,R000279,402,,,,,,,,
4649b26b-1cda-4416-b844-fb304ea05f83,トラスト牧志,P000150,R000280,501,,,,,,,,
aa8fd496-5d2b-42c5-8ce9-0ad19abf2910,トラスト牧志,P000150,R000281,502,,,,,,,,
28937650-5c55-465e-ba51-b8a1ff96e2a6,トラスト牧志,P000150,R000282,601,,,,,,,,
3f39d398-3e52-4904-938b-09d1b811f22b,トラスト牧志,P000150,R000283,602,,,,,,,,
b30f411b-af02-49be-b3a5-97c943ce649f,レアグラ前島,P000152,R000284,2F,,,,,,,,
dba1fc48-fc55-4c57-bd6d-b3c9021dfdf6,レアグラ前島,P000152,R000285,3F,,,,,,,,
cf6fb2c0-1eed-4a86-9e2f-cae99e1a0b3d,レアグラ前島,P000152,R000286,4F,,,,,,,,
ae502ad7-0809-4103-9b7b-3179cef1adff,伊礼開発ｱﾊﾟｰﾄ,P000157,R000287,101,,,,,,,,
f9e0c17a-23d2-4f1a-b2d0-978dee004906,伊礼開発ｱﾊﾟｰﾄ,P000157,R000288,102,,,,,,,,
54800ae7-e609-4137-8fdd-e8f5682650dc,伊礼開発ｱﾊﾟｰﾄ,P000157,R000289,201,,,,,,,,
13cdca43-72e2-45c6-840c-c926faaa5129,伊礼開発ｱﾊﾟｰﾄ,P000157,R000290,202,,,,,,,,
e05bd0f1-07ce-4133-bbee-febed0629830,伊礼開発ｱﾊﾟｰﾄ,P000157,R000291,203,,,,,,,,
399b98da-f3ac-42d5-84d3-1683f532e5c5,伊礼開発ｱﾊﾟｰﾄ,P000157,R000292,301,,,,,,,,
7cb0f278-10c5-41cb-bc10-fef109f05c24,伊礼開発ｱﾊﾟｰﾄ,P000157,R000293,302,,,,,,,,
cda2d5cf-5739-4a58-bd7e-edaf84b5fc79,伊礼開発ｱﾊﾟｰﾄ,P000157,R000294,303,,,,,,,,
85b63038-265e-42ab-8d39-a5b31425cebd,伊礼開発ｱﾊﾟｰﾄ,P000157,R000295,P-4,,,,,,,,
43975931-d2f0-4694-bbf6-da75dc412bbe,カサ・デ共和マンションB棟,P000158,R000296,110,,,,,,,,
f9afa264-dcf5-44d9-a1d8-ee10e6fc9ac8,カサ・デ共和マンションB棟,P000158,R000297,210,,,,,,,,
df473cde-3bc6-493e-b857-18a8a59cc9d6,カサ・デ共和マンションB棟,P000158,R000298,211,,,,,,,,
45d5f31c-a58d-48f6-a498-2a963571d779,カサ・デ共和マンションB棟,P000158,R000299,310,,,,,,,,
7d74a52e-2c9f-4808-9a0e-0181c10abe9d,カサ・デ共和マンションB棟,P000158,R000300,311,,,,,,,,
fe66f0bc-0ce3-4c4f-96d6-b1572da3c8f7,カサ・デ共和マンションB棟,P000158,R000301,410,,,,,,,,
05ea7bdd-e2d8-40b1-9d32-340b36a65df1,カサ・デ共和マンションB棟,P000158,R000302,411,,,,,,,,
3f0aa5b3-b683-4ed1-a420-5d161e29064a,カサ・デ共和マンションB棟,P000158,R000303,510,,,,,,,,
9f9c39a4-5ca6-42f8-94fc-ccbd70aa9b8a,スレッズ,P000161,R000304,1F,,,,,,,,
